<?xml version="1.0" encoding="UTF-8"?>
<project version="4">
  <component name="WizardSettings">
    <option name="children">
      <map>
        <entry key="imageWizard">
          <value>
            <PersistentState>
              <option name="children">
                <map>
                  <entry key="imageAssetPanel">
                    <value>
                      <PersistentState>
                        <option name="children">
                          <map>
                            <entry key="actionbar">
                              <value>
                                <PersistentState>
                                  <option name="children">
                                    <map>
                                      <entry key="clipArt">
                                        <value>
                                          <PersistentState>
                                            <option name="values">
                                              <map>
                                                <entry key="color" value="000000" />
                                                <entry key="imagePath" value="/private/var/folders/mz/yd11_9c10dd1mj5_9vvd9q380000gn/T/ic_android_black_24dp.xml" />
                                              </map>
                                            </option>
                                          </PersistentState>
                                        </value>
                                      </entry>
                                      <entry key="text">
                                        <value>
                                          <PersistentState>
                                            <option name="values">
                                              <map>
                                                <entry key="color" value="000000" />
                                              </map>
                                            </option>
                                          </PersistentState>
                                        </value>
                                      </entry>
                                      <entry key="textAsset">
                                        <value>
                                          <PersistentState>
                                            <option name="values">
                                              <map>
                                                <entry key="color" value="000000" />
                                              </map>
                                            </option>
                                          </PersistentState>
                                        </value>
                                      </entry>
                                    </map>
                                  </option>
                                </PersistentState>
                              </value>
                            </entry>
                            <entry key="launcher">
                              <value>
                                <PersistentState>
                                  <option name="children">
                                    <map>
                                      <entry key="foregroundClipArt">
                                        <value>
                                          <PersistentState>
                                            <option name="values">
                                              <map>
                                                <entry key="imagePath" value="/private/var/folders/mz/yd11_9c10dd1mj5_9vvd9q380000gn/T/ic_android_black_24dp.xml" />
                                              </map>
                                            </option>
                                          </PersistentState>
                                        </value>
                                      </entry>
                                      <entry key="foregroundImage">
                                        <value>
                                          <PersistentState>
                                            <option name="values">
                                              <map>
                                                <entry key="color" value="000000" />
                                                <entry key="imagePath" value="$USER_HOME$/Downloads/thickstaricon.png" />
                                                <entry key="scalingPercent" value="67" />
                                              </map>
                                            </option>
                                          </PersistentState>
                                        </value>
                                      </entry>
                                      <entry key="foregroundText">
                                        <value>
                                          <PersistentState>
                                            <option name="values">
                                              <map>
                                                <entry key="color" value="000000" />
                                              </map>
                                            </option>
                                          </PersistentState>
                                        </value>
                                      </entry>
                                      <entry key="foregroundTextAsset">
                                        <value>
                                          <PersistentState>
                                            <option name="values">
                                              <map>
                                                <entry key="color" value="000000" />
                                              </map>
                                            </option>
                                          </PersistentState>
                                        </value>
                                      </entry>
                                    </map>
                                  </option>
                                  <option name="values">
                                    <map>
                                      <entry key="outputName" value="giantstaricon" />
                                    </map>
                                  </option>
                                </PersistentState>
                              </value>
                            </entry>
                            <entry key="launcherLegacy">
                              <value>
                                <PersistentState>
                                  <option name="children">
                                    <map>
                                      <entry key="clipArt">
                                        <value>
                                          <PersistentState>
                                            <option name="values">
                                              <map>
                                                <entry key="color" value="000000" />
                                                <entry key="imagePath" value="/private/var/folders/mz/yd11_9c10dd1mj5_9vvd9q380000gn/T/ic_android_black_24dp.xml" />
                                              </map>
                                            </option>
                                          </PersistentState>
                                        </value>
                                      </entry>
                                      <entry key="text">
                                        <value>
                                          <PersistentState>
                                            <option name="values">
                                              <map>
                                                <entry key="color" value="000000" />
                                              </map>
                                            </option>
                                          </PersistentState>
                                        </value>
                                      </entry>
                                      <entry key="textAsset">
                                        <value>
                                          <PersistentState>
                                            <option name="values">
                                              <map>
                                                <entry key="color" value="000000" />
                                              </map>
                                            </option>
                                          </PersistentState>
                                        </value>
                                      </entry>
                                    </map>
                                  </option>
                                </PersistentState>
                              </value>
                            </entry>
                            <entry key="notification">
                              <value>
                                <PersistentState>
                                  <option name="children">
                                    <map>
                                      <entry key="clipArt">
                                        <value>
                                          <PersistentState>
                                            <option name="values">
                                              <map>
                                                <entry key="color" value="000000" />
                                                <entry key="imagePath" value="/private/var/folders/mz/yd11_9c10dd1mj5_9vvd9q380000gn/T/ic_android_black_24dp.xml" />
                                              </map>
                                            </option>
                                          </PersistentState>
                                        </value>
                                      </entry>
                                      <entry key="text">
                                        <value>
                                          <PersistentState>
                                            <option name="values">
                                              <map>
                                                <entry key="color" value="000000" />
                                              </map>
                                            </option>
                                          </PersistentState>
                                        </value>
                                      </entry>
                                      <entry key="textAsset">
                                        <value>
                                          <PersistentState>
                                            <option name="values">
                                              <map>
                                                <entry key="color" value="000000" />
                                              </map>
                                            </option>
                                          </PersistentState>
                                        </value>
                                      </entry>
                                    </map>
                                  </option>
                                </PersistentState>
                              </value>
                            </entry>
                            <entry key="tvBanner">
                              <value>
                                <PersistentState>
                                  <option name="children">
                                    <map>
                                      <entry key="foregroundText">
                                        <value>
                                          <PersistentState>
                                            <option name="values">
                                              <map>
                                                <entry key="color" value="000000" />
                                              </map>
                                            </option>
                                          </PersistentState>
                                        </value>
                                      </entry>
                                    </map>
                                  </option>
                                </PersistentState>
                              </value>
                            </entry>
                            <entry key="tvChannel">
                              <value>
                                <PersistentState>
                                  <option name="children">
                                    <map>
                                      <entry key="foregroundClipArt">
                                        <value>
                                          <PersistentState>
                                            <option name="values">
                                              <map>
                                                <entry key="imagePath" value="/private/var/folders/mz/yd11_9c10dd1mj5_9vvd9q380000gn/T/ic_android_black_24dp.xml" />
                                              </map>
                                            </option>
                                          </PersistentState>
                                        </value>
                                      </entry>
                                      <entry key="foregroundImage">
                                        <value>
                                          <PersistentState>
                                            <option name="values">
                                              <map>
                                                <entry key="color" value="000000" />
                                              </map>
                                            </option>
                                          </PersistentState>
                                        </value>
                                      </entry>
                                      <entry key="foregroundText">
                                        <value>
                                          <PersistentState>
                                            <option name="values">
                                              <map>
                                                <entry key="color" value="000000" />
                                              </map>
                                            </option>
                                          </PersistentState>
                                        </value>
                                      </entry>
                                      <entry key="foregroundTextAsset">
                                        <value>
                                          <PersistentState>
                                            <option name="values">
                                              <map>
                                                <entry key="color" value="000000" />
                                              </map>
                                            </option>
                                          </PersistentState>
                                        </value>
                                      </entry>
                                    </map>
                                  </option>
                                </PersistentState>
                              </value>
                            </entry>
                          </map>
                        </option>
                      </PersistentState>
                    </value>
                  </entry>
                </map>
              </option>
            </PersistentState>
          </value>
        </entry>
      </map>
    </option>
  </component>
</project>