<?xml version="1.0" encoding="UTF-8"?>
<project version="4">
  <component name="deploymentTargetDropDown">
    <targetSelectedWithDropDown>
      <Target>
        <type value="QUICK_BOOT_TARGET" />
        <deviceKey>
          <Key>
            <type value="VIRTUAL_DEVICE_PATH" />
            <value value="$USER_HOME$/.android/avd/Wear_OS_Round_API_28_2.avd" />
          </Key>
        </deviceKey>
      </Target>
    </targetSelectedWithDropDown>
    <timeTargetWasSelectedWithDropDown value="2022-08-16T22:00:49.608075Z" />
  </component>
</project>