<?xml version="1.0" encoding="UTF-8"?>
<project version="4">
  <component name="DesignSurface">
    <option name="filePathToZoomLevelMap">
      <map>
        <entry key="app/src/main/res/drawable/giantstaricon_background.xml" value="0.1" />
        <entry key="app/src/main/res/drawable/launcherwatch_background.xml" value="0.116" />
        <entry key="app/src/main/res/drawable/plainrainbowice.xml" value="0.116" />
        <entry key="app/src/main/res/drawable/rainbowanimation.xml" value="0.118" />
        <entry key="app/src/main/res/layout/rainbowanimate.xml" value="0.4488095238095238" />
        <entry key="app/src/main/res/layout/star.xml" value="0.335" />
        <entry key="app/src/main/res/layout/stats.xml" value="0.5082236842105263" />
      </map>
    </option>
  </component>
  <component name="ProjectRootManager" version="2" languageLevel="JDK_11" default="true" project-jdk-name="Android Studio default JDK" project-jdk-type="JavaSDK">
    <output url="file://$PROJECT_DIR$/build/classes" />
  </component>
  <component name="ProjectType">
    <option name="id" value="Android" />
  </component>
</project>