<?xml version="1.0" encoding="UTF-8"?>
<project version="4">
  <component name="AndroidLayouts">
    <shared>
      <config />
    </shared>
  </component>
  <component name="AndroidLogFilters">
    <option name="TOOL_WINDOW_LOG_LEVEL" value="error" />
    <option name="TOOL_WINDOW_CONFIGURED_FILTER" value="No Filters" />
  </component>
  <component name="AutoImportSettings">
    <option name="autoReloadType" value="NONE" />
  </component>
  <component name="ChangeListManager">
    <list default="true" id="0961a0e3-f9b3-40d6-bd27-9e9ef999cb12" name="Default Changelist" comment="" />
    <option name="SHOW_DIALOG" value="false" />
    <option name="HIGHLIGHT_CONFLICTS" value="true" />
    <option name="HIGHLIGHT_NON_ACTIVE_CHANGELIST" value="false" />
    <option name="LAST_RESOLUTION" value="IGNORE" />
  </component>
  <component name="ExternalProjectsData">
    <projectState path="$PROJECT_DIR$">
      <ProjectState />
    </projectState>
  </component>
  <component name="ExternalProjectsManager">
    <system id="GRADLE">
      <state>
        <task path="$PROJECT_DIR$/app">
          <activation />
        </task>
        <task path="$PROJECT_DIR$">
          <activation />
        </task>
        <projects_view>
          <tree_state>
            <expand>
              <path>
                <item name="" type="6a2764b6:ExternalProjectsStructure$RootNode" />
                <item name="TestWatch3" type="f1a62948:ProjectNode" />
              </path>
              <path>
                <item name="" type="6a2764b6:ExternalProjectsStructure$RootNode" />
                <item name="TestWatch3" type="f1a62948:ProjectNode" />
                <item name="Tasks" type="e4a08cd1:TasksNode" />
              </path>
              <path>
                <item name="" type="6a2764b6:ExternalProjectsStructure$RootNode" />
                <item name="TestWatch3" type="f1a62948:ProjectNode" />
                <item name="Tasks" type="e4a08cd1:TasksNode" />
                <item name="verification" type="c8890929:TasksNode$1" />
              </path>
              <path>
                <item name="" type="6a2764b6:ExternalProjectsStructure$RootNode" />
                <item name="TestWatch3" type="f1a62948:ProjectNode" />
                <item name="app" type="2d1252cf:ModuleNode" />
              </path>
              <path>
                <item name="" type="6a2764b6:ExternalProjectsStructure$RootNode" />
                <item name="TestWatch3" type="f1a62948:ProjectNode" />
                <item name="app" type="2d1252cf:ModuleNode" />
                <item name="Tasks" type="e4a08cd1:TasksNode" />
              </path>
              <path>
                <item name="" type="6a2764b6:ExternalProjectsStructure$RootNode" />
                <item name="TestWatch3" type="f1a62948:ProjectNode" />
                <item name="app" type="2d1252cf:ModuleNode" />
                <item name="Tasks" type="e4a08cd1:TasksNode" />
                <item name="build" type="c8890929:TasksNode$1" />
              </path>
              <path>
                <item name="" type="6a2764b6:ExternalProjectsStructure$RootNode" />
                <item name="TestWatch3" type="f1a62948:ProjectNode" />
                <item name="app" type="2d1252cf:ModuleNode" />
                <item name="Tasks" type="e4a08cd1:TasksNode" />
                <item name="verification" type="c8890929:TasksNode$1" />
              </path>
            </expand>
            <select />
          </tree_state>
        </projects_view>
      </state>
    </system>
  </component>
  <component name="FileTemplateManagerImpl">
    <option name="RECENT_TEMPLATES">
      <list>
        <option value="Class" />
        <option value="layoutResourceFile_vertical" />
        <option value="resourceFile" />
        <option value="Kotlin Script" />
        <option value="JUnit5 Test Class" />
        <option value="Kotlin Class" />
      </list>
    </option>
  </component>
  <component name="GitSEFilterConfiguration">
    <file-type-list>
      <filtered-out-file-type name="LOCAL_BRANCH" />
      <filtered-out-file-type name="REMOTE_BRANCH" />
      <filtered-out-file-type name="TAG" />
      <filtered-out-file-type name="COMMIT_BY_MESSAGE" />
    </file-type-list>
  </component>
  <component name="HighlightingSettingsPerFile">
    <setting file="file://$PROJECT_DIR$/app/src/main/java/com/academy/testwatch3/MyWatchFace.kt" root0="FORCE_HIGHLIGHTING" />
    <setting file="jar://$USER_HOME$/.gradle/caches/transforms-3/5079b9247c5324efe257681091281d7b/transformed/wearable-2.9.0/jars/classes.jar!/android/support/wearable/watchface/WatchFaceService.class" root0="FORCE_HIGHLIGHTING" />
  </component>
  <component name="ProblemsViewState">
    <hideBySeverity>
      <option value="15" />
      <option value="200" />
      <option value="300" />
    </hideBySeverity>
    <option name="proportion" value="0.58869815" />
    <option name="showPreview" value="true" />
  </component>
  <component name="ProjectId" id="2CXxorvonOla0vncmuHkwseLTU6" />
  <component name="ProjectViewState">
    <option name="hideEmptyMiddlePackages" value="true" />
    <option name="showLibraryContents" value="true" />
  </component>
  <component name="PropertiesComponent">
    <property name="ResourceManagerPrefKey.ResourceType" value="DRAWABLE" />
    <property name="RunOnceActivity.OpenProjectViewOnStart" value="true" />
    <property name="RunOnceActivity.ShowReadmeOnStart" value="true" />
    <property name="RunOnceActivity.cidr.known.project.marker" value="true" />
    <property name="cidr.known.project.marker" value="true" />
    <property name="com.intellij.testIntegration.createTest.CreateTestDialog.defaultLibrary" value="JUnit5" />
    <property name="com.intellij.testIntegration.createTest.CreateTestDialog.defaultLibrarySuperClass.JUnit5" value="" />
    <property name="project.structure.last.edited" value="Modules" />
    <property name="project.structure.proportion" value="0.17" />
    <property name="project.structure.side.proportion" value="0.2" />
    <property name="settings.editor.selected.configurable" value="experimental" />
  </component>
  <component name="PsdUISettings">
    <option name="MODULE_TAB" value="Signing Configs" />
    <option name="LAST_EDITED_SIGNING_CONFIG" value="debug" />
    <option name="LAST_EDITED_BUILD_TYPE" value="release" />
  </component>
  <component name="ReaderModeSettings">
    <option name="enabled" value="false" />
  </component>
  <component name="RecentsManager">
    <key name="MoveFile.RECENT_KEYS">
      <recent name="$PROJECT_DIR$/app/src" />
      <recent name="$PROJECT_DIR$/app/src/main/test/com/academy/testwatch3" />
      <recent name="$PROJECT_DIR$/app/src/main/res/drawable-nodpi" />
    </key>
    <key name="CreateTestDialog.Recents.Supers">
      <recent name="" />
    </key>
    <key name="MoveKotlinTopLevelDeclarationsDialog.RECENTS_KEY">
      <recent name="com.academy.testwatch3" />
    </key>
    <key name="CreateTestDialog.RecentsKey">
      <recent name="com.academy.testwatch3" />
    </key>
  </component>
  <component name="RunManager" selected="Gradle.MyWatchFaceTest.test1">
    <configuration name="app" type="AndroidRunConfigurationType" factoryName="Android App" activateToolWindowBeforeRun="false">
      <module name="TestWatch3.app" />
      <option name="DEPLOY" value="true" />
      <option name="DEPLOY_APK_FROM_BUNDLE" value="false" />
      <option name="DEPLOY_AS_INSTANT" value="false" />
      <option name="ARTIFACT_NAME" value="" />
      <option name="PM_INSTALL_OPTIONS" value="" />
      <option name="ALL_USERS" value="true" />
      <option name="ALWAYS_INSTALL_WITH_PM" value="true" />
      <option name="DYNAMIC_FEATURES_DISABLED_LIST" value="" />
      <option name="ACTIVITY_EXTRA_FLAGS" value="" />
      <option name="MODE" value="do_nothing" />
      <option name="CLEAR_LOGCAT" value="false" />
      <option name="SHOW_LOGCAT_AUTOMATICALLY" value="false" />
      <option name="SKIP_NOOP_APK_INSTALLATIONS" value="true" />
      <option name="FORCE_STOP_RUNNING_APP" value="true" />
      <option name="INSPECTION_WITHOUT_ACTIVITY_RESTART" value="false" />
      <option name="TARGET_SELECTION_MODE" value="DEVICE_AND_SNAPSHOT_COMBO_BOX" />
      <option name="SELECTED_CLOUD_MATRIX_CONFIGURATION_ID" value="-1" />
      <option name="SELECTED_CLOUD_MATRIX_PROJECT_ID" value="" />
      <option name="DEBUGGER_TYPE" value="Auto" />
      <Auto>
        <option name="USE_JAVA_AWARE_DEBUGGER" value="false" />
        <option name="SHOW_STATIC_VARS" value="true" />
        <option name="WORKING_DIR" value="" />
        <option name="TARGET_LOGGING_CHANNELS" value="lldb process:gdb-remote packets" />
        <option name="SHOW_OPTIMIZED_WARNING" value="true" />
      </Auto>
      <Hybrid>
        <option name="USE_JAVA_AWARE_DEBUGGER" value="false" />
        <option name="SHOW_STATIC_VARS" value="true" />
        <option name="WORKING_DIR" value="" />
        <option name="TARGET_LOGGING_CHANNELS" value="lldb process:gdb-remote packets" />
        <option name="SHOW_OPTIMIZED_WARNING" value="true" />
      </Hybrid>
      <Java />
      <Native>
        <option name="USE_JAVA_AWARE_DEBUGGER" value="false" />
        <option name="SHOW_STATIC_VARS" value="true" />
        <option name="WORKING_DIR" value="" />
        <option name="TARGET_LOGGING_CHANNELS" value="lldb process:gdb-remote packets" />
        <option name="SHOW_OPTIMIZED_WARNING" value="true" />
      </Native>
      <Profilers>
        <option name="ADVANCED_PROFILING_ENABLED" value="false" />
        <option name="STARTUP_PROFILING_ENABLED" value="false" />
        <option name="STARTUP_CPU_PROFILING_ENABLED" value="false" />
        <option name="STARTUP_CPU_PROFILING_CONFIGURATION_NAME" value="Java/Kotlin Method Sample (legacy)" />
        <option name="STARTUP_NATIVE_MEMORY_PROFILING_ENABLED" value="false" />
        <option name="NATIVE_MEMORY_SAMPLE_RATE_BYTES" value="2048" />
      </Profilers>
      <option name="DEEP_LINK" value="" />
      <option name="ACTIVITY_CLASS" value="" />
      <option name="SEARCH_ACTIVITY_IN_GLOBAL_SCOPE" value="false" />
      <option name="SKIP_ACTIVITY_VALIDATION" value="false" />
      <method v="2">
        <option name="Android.Gradle.BeforeRunTask" enabled="true" />
      </method>
    </configuration>
    <configuration name="MyWatchFaceTest" type="GradleRunConfiguration" factoryName="Gradle" temporary="true">
      <ExternalSystemSettings>
        <option name="executionName" />
        <option name="externalProjectPath" value="$PROJECT_DIR$" />
        <option name="externalSystemIdString" value="GRADLE" />
        <option name="scriptParameters" value="--tests &quot;com.academy.testwatch3.MyWatchFaceTest&quot;" />
        <option name="taskDescriptions">
          <list />
        </option>
        <option name="taskNames">
          <list>
            <option value=":app:testDebugUnitTest" />
          </list>
        </option>
        <option name="vmOptions" />
      </ExternalSystemSettings>
      <ExternalSystemDebugServerProcess>false</ExternalSystemDebugServerProcess>
      <ExternalSystemReattachDebugProcess>true</ExternalSystemReattachDebugProcess>
      <DebugAllEnabled>false</DebugAllEnabled>
      <method v="2" />
    </configuration>
    <configuration name="MyWatchFaceTest.test1" type="GradleRunConfiguration" factoryName="Gradle" temporary="true">
      <ExternalSystemSettings>
        <option name="executionName" />
        <option name="externalProjectPath" value="$PROJECT_DIR$" />
        <option name="externalSystemIdString" value="GRADLE" />
        <option name="scriptParameters" value="--tests &quot;com.academy.testwatch3.MyWatchFaceTest.test1&quot;" />
        <option name="taskDescriptions">
          <list />
        </option>
        <option name="taskNames">
          <list>
            <option value=":app:testDebugUnitTest" />
          </list>
        </option>
        <option name="vmOptions" />
      </ExternalSystemSettings>
      <ExternalSystemDebugServerProcess>false</ExternalSystemDebugServerProcess>
      <ExternalSystemReattachDebugProcess>true</ExternalSystemReattachDebugProcess>
      <DebugAllEnabled>false</DebugAllEnabled>
      <method v="2" />
    </configuration>
    <configuration name="TestWatch3 [testDebugUnitTest]" type="GradleRunConfiguration" factoryName="Gradle" temporary="true">
      <ExternalSystemSettings>
        <option name="executionName" />
        <option name="externalProjectPath" value="$PROJECT_DIR$" />
        <option name="externalSystemIdString" value="GRADLE" />
        <option name="scriptParameters" />
        <option name="taskDescriptions">
          <list />
        </option>
        <option name="taskNames">
          <list>
            <option value="testDebugUnitTest" />
          </list>
        </option>
        <option name="vmOptions" />
      </ExternalSystemSettings>
      <ExternalSystemDebugServerProcess>true</ExternalSystemDebugServerProcess>
      <ExternalSystemReattachDebugProcess>true</ExternalSystemReattachDebugProcess>
      <DebugAllEnabled>false</DebugAllEnabled>
      <method v="2" />
    </configuration>
    <configuration name="TestWatch3 [testReleaseUnitTest]" type="GradleRunConfiguration" factoryName="Gradle" temporary="true">
      <ExternalSystemSettings>
        <option name="executionName" />
        <option name="externalProjectPath" value="$PROJECT_DIR$" />
        <option name="externalSystemIdString" value="GRADLE" />
        <option name="scriptParameters" />
        <option name="taskDescriptions">
          <list />
        </option>
        <option name="taskNames">
          <list>
            <option value="testReleaseUnitTest" />
          </list>
        </option>
        <option name="vmOptions" />
      </ExternalSystemSettings>
      <ExternalSystemDebugServerProcess>true</ExternalSystemDebugServerProcess>
      <ExternalSystemReattachDebugProcess>true</ExternalSystemReattachDebugProcess>
      <DebugAllEnabled>false</DebugAllEnabled>
      <method v="2" />
    </configuration>
    <configuration name="test in TestWatch3.app" type="JUnit" factoryName="JUnit" temporary="true" nameIsGenerated="true">
      <module name="TestWatch3.app" />
      <option name="TEST_OBJECT" value="directory" />
      <dir value="$PROJECT_DIR$/app/src/test" />
      <method v="2">
        <option name="Make" enabled="true" />
      </method>
    </configuration>
    <list>
      <item itemvalue="Android App.app" />
      <item itemvalue="Gradle.TestWatch3 [testReleaseUnitTest]" />
      <item itemvalue="Gradle.TestWatch3 [testDebugUnitTest]" />
      <item itemvalue="Gradle.MyWatchFaceTest" />
      <item itemvalue="Gradle.MyWatchFaceTest.test1" />
      <item itemvalue="JUnit.test in TestWatch3.app" />
    </list>
    <recent_temporary>
      <list>
        <item itemvalue="Gradle.MyWatchFaceTest.test1" />
        <item itemvalue="Gradle.MyWatchFaceTest" />
        <item itemvalue="JUnit.test in TestWatch3.app" />
        <item itemvalue="Gradle.TestWatch3 [testReleaseUnitTest]" />
        <item itemvalue="Gradle.TestWatch3 [testDebugUnitTest]" />
      </list>
    </recent_temporary>
  </component>
  <component name="SpellCheckerSettings" RuntimeDictionaries="0" Folders="0" CustomDictionaries="0" DefaultDictionary="application-level" UseSingleDictionary="true" transferred="true" />
  <component name="TaskManager">
    <task active="true" id="Default" summary="Default task">
      <changelist id="0961a0e3-f9b3-40d6-bd27-9e9ef999cb12" name="Default Changelist" comment="" />
      <created>1658962908649</created>
      <option name="number" value="Default" />
      <option name="presentableId" value="Default" />
      <updated>1658962908649</updated>
    </task>
    <servers />
  </component>
</project>