<component name="libraryTable">
  <library name="Gradle: org.jetbrains.kotlin:kotlin-stdlib:1.5.31">
    <CLASSES>
      <root url="jar://$USER_HOME$/.gradle/caches/modules-2/files-2.1/org.jetbrains.kotlin/kotlin-stdlib/1.5.31/6628d61d0f5603568e72d2d5915d2c034b4f1c55/kotlin-stdlib-1.5.31.jar!/" />
    </CLASSES>
    <JAVADOC>
      <root url="jar://$USER_HOME$/.gradle/caches/modules-2/files-2.1/org.jetbrains.kotlin/kotlin-stdlib/1.5.31/5b8f86fea035328fc9e8c660773037a3401ce25f/kotlin-stdlib-1.5.31-javadoc.jar!/" />
    </JAVADOC>
    <SOURCES>
      <root url="jar://$USER_HOME$/.gradle/caches/modules-2/files-2.1/org.jetbrains.kotlin/kotlin-stdlib/1.5.31/70f4e47092d0158a39aafc634ad60b6320c3d6ce/kotlin-stdlib-1.5.31-sources.jar!/" />
    </SOURCES>
  </library>
</component>