<component name="libraryTable">
  <library name="Gradle: androidx.legacy:legacy-support-v4:1.0.0@aar">
    <CLASSES>
      <root url="jar://$USER_HOME$/.gradle/caches/transforms-3/36e8bee196ac8b7c4919aeb2836f9103/transformed/legacy-support-v4-1.0.0/jars/classes.jar!/" />
      <root url="file://$USER_HOME$/.gradle/caches/transforms-3/36e8bee196ac8b7c4919aeb2836f9103/transformed/legacy-support-v4-1.0.0/res" />
      <root url="file://$USER_HOME$/.gradle/caches/transforms-3/36e8bee196ac8b7c4919aeb2836f9103/transformed/legacy-support-v4-1.0.0/AndroidManifest.xml" />
    </CLASSES>
    <JAVADOC />
    <SOURCES>
      <root url="jar://$USER_HOME$/.gradle/caches/modules-2/files-2.1/androidx.legacy/legacy-support-v4/1.0.0/5b8f86fea035328fc9e8c660773037a3401ce25f/legacy-support-v4-1.0.0-sources.jar!/" />
    </SOURCES>
  </library>
</component>