<component name="libraryTable">
  <library name="Gradle: androidx.palette:palette:1.0.0@aar">
    <CLASSES>
      <root url="jar://$USER_HOME$/.gradle/caches/transforms-3/4fe46aff74c93ab14222d964db86395d/transformed/palette-1.0.0/jars/classes.jar!/" />
      <root url="file://$USER_HOME$/.gradle/caches/transforms-3/4fe46aff74c93ab14222d964db86395d/transformed/palette-1.0.0/res" />
      <root url="file://$USER_HOME$/.gradle/caches/transforms-3/4fe46aff74c93ab14222d964db86395d/transformed/palette-1.0.0/AndroidManifest.xml" />
    </CLASSES>
    <JAVADOC />
    <SOURCES>
      <root url="jar://$USER_HOME$/.gradle/caches/modules-2/files-2.1/androidx.palette/palette/1.0.0/ac50de11029495e4bc50d2594d4b37e260607782/palette-1.0.0-sources.jar!/" />
    </SOURCES>
  </library>
</component>