<component name="libraryTable">
  <library name="Gradle: androidx.preference:preference:1.1.1@aar">
    <CLASSES>
      <root url="jar://$USER_HOME$/.gradle/caches/transforms-3/bba532d8f651addbf81232238e5fecda/transformed/preference-1.1.1/jars/classes.jar!/" />
      <root url="file://$USER_HOME$/.gradle/caches/transforms-3/bba532d8f651addbf81232238e5fecda/transformed/preference-1.1.1/res" />
      <root url="file://$USER_HOME$/.gradle/caches/transforms-3/bba532d8f651addbf81232238e5fecda/transformed/preference-1.1.1/AndroidManifest.xml" />
    </CLASSES>
    <JAVADOC />
    <SOURCES>
      <root url="jar://$USER_HOME$/.gradle/caches/modules-2/files-2.1/androidx.preference/preference/1.1.1/a65e127aa3d1be8feb41a53808f7b3f978503cca/preference-1.1.1-sources.jar!/" />
    </SOURCES>
  </library>
</component>