<component name="libraryTable">
  <library name="Gradle: androidx.fragment:fragment:1.2.4@aar">
    <ANNOTATIONS>
      <root url="jar://$USER_HOME$/.gradle/caches/transforms-3/ea230775a1547113a7acef4a2cb431c8/transformed/fragment-1.2.4/annotations.zip!/" />
    </ANNOTATIONS>
    <CLASSES>
      <root url="jar://$USER_HOME$/.gradle/caches/transforms-3/ea230775a1547113a7acef4a2cb431c8/transformed/fragment-1.2.4/jars/classes.jar!/" />
      <root url="file://$USER_HOME$/.gradle/caches/transforms-3/ea230775a1547113a7acef4a2cb431c8/transformed/fragment-1.2.4/res" />
      <root url="file://$USER_HOME$/.gradle/caches/transforms-3/ea230775a1547113a7acef4a2cb431c8/transformed/fragment-1.2.4/AndroidManifest.xml" />
    </CLASSES>
    <JAVADOC />
    <SOURCES>
      <root url="jar://$USER_HOME$/.gradle/caches/modules-2/files-2.1/androidx.fragment/fragment/1.2.4/bfa66119813f2997ac526678b7ed354312c83fc/fragment-1.2.4-sources.jar!/" />
    </SOURCES>
  </library>
</component>