<component name="libraryTable">
  <library name="Gradle: org.jetbrains.kotlin:kotlin-stdlib-common:1.5.31" type="kotlin.common">
    <CLASSES>
      <root url="jar://$USER_HOME$/.gradle/caches/modules-2/files-2.1/org.jetbrains.kotlin/kotlin-stdlib-common/1.5.31/43331609c7de811fed085e0dfd150874b157c32/kotlin-stdlib-common-1.5.31.jar!/" />
    </CLASSES>
    <JAVADOC>
      <root url="jar://$USER_HOME$/.gradle/caches/modules-2/files-2.1/org.jetbrains.kotlin/kotlin-stdlib-common/1.5.31/5b8f86fea035328fc9e8c660773037a3401ce25f/kotlin-stdlib-common-1.5.31-javadoc.jar!/" />
    </JAVADOC>
    <SOURCES>
      <root url="jar://$USER_HOME$/.gradle/caches/modules-2/files-2.1/org.jetbrains.kotlin/kotlin-stdlib-common/1.5.31/ee22598c6d20e94e0fd08cc696f09f83e41b3935/kotlin-stdlib-common-1.5.31-sources.jar!/" />
    </SOURCES>
  </library>
</component>