<component name="libraryTable">
  <library name="Gradle: org.objenesis:objenesis:2.6">
    <CLASSES>
      <root url="jar://$USER_HOME$/.gradle/caches/modules-2/files-2.1/org.objenesis/objenesis/2.6/639033469776fd37c08358c6b92a4761feb2af4b/objenesis-2.6.jar!/" />
    </CLASSES>
    <JAVADOC>
      <root url="jar://$USER_HOME$/.gradle/caches/modules-2/files-2.1/org.objenesis/objenesis/2.6/27c490ca18fcdfb94e28387e04ae37c4aa1abb23/objenesis-2.6-javadoc.jar!/" />
    </JAVADOC>
    <SOURCES>
      <root url="jar://$USER_HOME$/.gradle/caches/modules-2/files-2.1/org.objenesis/objenesis/2.6/96614f514a1031296657bf0dde452dc15e42fcb8/objenesis-2.6-sources.jar!/" />
    </SOURCES>
  </library>
</component>