<component name="libraryTable">
  <library name="Gradle: org.jetbrains.kotlin:kotlin-stdlib-jdk7:1.5.30">
    <CLASSES>
      <root url="jar://$USER_HOME$/.gradle/caches/modules-2/files-2.1/org.jetbrains.kotlin/kotlin-stdlib-jdk7/1.5.30/525f5a7fa6d7790a571c07dd24214ed2dda352fe/kotlin-stdlib-jdk7-1.5.30.jar!/" />
    </CLASSES>
    <JAVADOC>
      <root url="jar://$USER_HOME$/.gradle/caches/modules-2/files-2.1/org.jetbrains.kotlin/kotlin-stdlib-jdk7/1.5.30/5b8f86fea035328fc9e8c660773037a3401ce25f/kotlin-stdlib-jdk7-1.5.30-javadoc.jar!/" />
    </JAVADOC>
    <SOURCES>
      <root url="jar://$USER_HOME$/.gradle/caches/modules-2/files-2.1/org.jetbrains.kotlin/kotlin-stdlib-jdk7/1.5.30/ccdfdab71f0f3ba104191d8f673d0620e7ed2e46/kotlin-stdlib-jdk7-1.5.30-sources.jar!/" />
    </SOURCES>
  </library>
</component>