<component name="libraryTable">
  <library name="Gradle: androidx.swiperefreshlayout:swiperefreshlayout:1.0.0@aar">
    <ANNOTATIONS>
      <root url="jar://$USER_HOME$/.gradle/caches/transforms-3/c7b40508e739adffe6b5d8726bbc5ec3/transformed/swiperefreshlayout-1.0.0/annotations.zip!/" />
    </ANNOTATIONS>
    <CLASSES>
      <root url="jar://$USER_HOME$/.gradle/caches/transforms-3/c7b40508e739adffe6b5d8726bbc5ec3/transformed/swiperefreshlayout-1.0.0/jars/classes.jar!/" />
      <root url="file://$USER_HOME$/.gradle/caches/transforms-3/c7b40508e739adffe6b5d8726bbc5ec3/transformed/swiperefreshlayout-1.0.0/res" />
      <root url="file://$USER_HOME$/.gradle/caches/transforms-3/c7b40508e739adffe6b5d8726bbc5ec3/transformed/swiperefreshlayout-1.0.0/AndroidManifest.xml" />
    </CLASSES>
    <JAVADOC />
    <SOURCES>
      <root url="jar://$USER_HOME$/.gradle/caches/modules-2/files-2.1/androidx.swiperefreshlayout/swiperefreshlayout/1.0.0/ab92d86c004eb1d48e45f311b02ca53d6c86b607/swiperefreshlayout-1.0.0-sources.jar!/" />
    </SOURCES>
  </library>
</component>