<component name="libraryTable">
  <library name="Gradle: com.google.android.gms:play-services-wearable:17.1.0@aar">
    <CLASSES>
      <root url="jar://$USER_HOME$/.gradle/caches/transforms-3/a6a6b7d869627da8cb2b8f2a7b4ac44a/transformed/play-services-wearable-17.1.0/jars/classes.jar!/" />
      <root url="file://$USER_HOME$/.gradle/caches/transforms-3/a6a6b7d869627da8cb2b8f2a7b4ac44a/transformed/play-services-wearable-17.1.0/res" />
      <root url="file://$USER_HOME$/.gradle/caches/transforms-3/a6a6b7d869627da8cb2b8f2a7b4ac44a/transformed/play-services-wearable-17.1.0/AndroidManifest.xml" />
    </CLASSES>
    <JAVADOC>
      <root url="jar://$USER_HOME$/.gradle/caches/modules-2/files-2.1/com.google.android.gms/play-services-wearable/17.1.0/39a6df362e18980fb1c5a72f613e9798cd75a7a7/play-services-wearable-17.1.0-javadoc.jar!/" />
    </JAVADOC>
    <SOURCES />
  </library>
</component>