<component name="libraryTable">
  <library name="Gradle: androidx.lifecycle:lifecycle-viewmodel:2.2.0@aar">
    <CLASSES>
      <root url="jar://$USER_HOME$/.gradle/caches/transforms-3/2afe0bc9f9f12d55c335fa7567a850d5/transformed/lifecycle-viewmodel-2.2.0/jars/classes.jar!/" />
      <root url="file://$USER_HOME$/.gradle/caches/transforms-3/2afe0bc9f9f12d55c335fa7567a850d5/transformed/lifecycle-viewmodel-2.2.0/res" />
      <root url="file://$USER_HOME$/.gradle/caches/transforms-3/2afe0bc9f9f12d55c335fa7567a850d5/transformed/lifecycle-viewmodel-2.2.0/AndroidManifest.xml" />
    </CLASSES>
    <JAVADOC />
    <SOURCES>
      <root url="jar://$USER_HOME$/.gradle/caches/modules-2/files-2.1/androidx.lifecycle/lifecycle-viewmodel/2.2.0/4f90404dd52d3162217bf329db5afb32d373ec63/lifecycle-viewmodel-2.2.0-sources.jar!/" />
    </SOURCES>
  </library>
</component>