<component name="libraryTable">
  <library name="Gradle: com.google.android.support:wearable:2.9.0@aar">
    <CLASSES>
      <root url="jar://$USER_HOME$/.gradle/caches/transforms-3/5079b9247c5324efe257681091281d7b/transformed/wearable-2.9.0/jars/classes.jar!/" />
      <root url="file://$USER_HOME$/.gradle/caches/transforms-3/5079b9247c5324efe257681091281d7b/transformed/wearable-2.9.0/res" />
      <root url="file://$USER_HOME$/.gradle/caches/transforms-3/5079b9247c5324efe257681091281d7b/transformed/wearable-2.9.0/AndroidManifest.xml" />
    </CLASSES>
    <JAVADOC />
    <SOURCES />
  </library>
</component>