<component name="libraryTable">
  <library name="Gradle: androidx.percentlayout:percentlayout:1.0.0@aar">
    <CLASSES>
      <root url="jar://$USER_HOME$/.gradle/caches/transforms-3/3a2ab2c66fc6c4d4bb852b4523be98db/transformed/percentlayout-1.0.0/jars/classes.jar!/" />
      <root url="file://$USER_HOME$/.gradle/caches/transforms-3/3a2ab2c66fc6c4d4bb852b4523be98db/transformed/percentlayout-1.0.0/res" />
      <root url="file://$USER_HOME$/.gradle/caches/transforms-3/3a2ab2c66fc6c4d4bb852b4523be98db/transformed/percentlayout-1.0.0/AndroidManifest.xml" />
    </CLASSES>
    <JAVADOC />
    <SOURCES>
      <root url="jar://$USER_HOME$/.gradle/caches/modules-2/files-2.1/androidx.percentlayout/percentlayout/1.0.0/a64aa3ff71c5a10e4b8c9a4222c08216f84ed5ee/percentlayout-1.0.0-sources.jar!/" />
    </SOURCES>
  </library>
</component>